{"train/acc":0.6396085588440382,"train/time":12.32511305809021,"stage1/best_test_acc":0.0012160518848804217,"_step":2108,"stage2/best_val_acc":0.5904221705020114,"epoch":1294,"stage0/best_epoch":130,"stage2/best_test_acc":0.0010491428026419324,"stage6/best_val_acc":0.5938439248447109,"stage0/best_val_acc":0.566855222799365,"_wandb":{"runtime":14317},"stage1/best_epoch":126,"stage4/best_epoch":32,"test/acc":0.0011445194210639262,"stage2/avg_train_time":15.867445787387108,"stage5/best_epoch":130,"stage6/best_test_acc":0.0010729869572474308,"stage0/best_test_acc":0.0010014544934309354,"stage5/avg_train_time":11.715314022085284,"train/loss":1.1536079775797177,"stage4/best_test_acc":0.001192207730274923,"stage2/best_epoch":83,"_runtime":14305.979557247,"eval/time":0.7923741340637207,"stage3/best_epoch":185,"val/acc":0.5926725134481111,"_timestamp":1.7483295180844574e+09,"stage3/best_val_acc":0.5919018480556112,"stage6/best_epoch":44,"stage":6,"stage3/best_test_acc":0.0011445194210639262,"stage5/best_val_acc":0.5957397617102607,"stage6/avg_train_time":11.905286068665355,"stage4/best_val_acc":0.5923334206754112,"stage3/avg_train_time":11.318050445318223,"stage1/avg_train_time":15.286156351283445,"stage1/best_val_acc":0.5835940751244625,"val/loss":2.020164966583252,"stage0/avg_train_time":7.792542378546783,"stage5/best_test_acc":0.0011445194210639262,"stage4/avg_train_time":11.648704919470362,"test/loss":21.700544357299805}