{"stage0/avg_train_time":7.584172358170399,"stage0/best_epoch":130,"stage4/best_val_acc":0.593027019528661,"stage5/best_val_acc":0.5929807796051111,"val/acc":0.5917014750535613,"_timestamp":1.7482864084426186e+09,"train/loss":1.0450979830467537,"stage3/best_test_acc":0.0010491428026419324,"stage5/avg_train_time":11.023270182712103,"stage3/best_epoch":224,"test/loss":24.789438247680664,"stage3/best_val_acc":0.592764993295211,"epoch":2185,"train/time":10.86490273475647,"stage0/best_test_acc":0.0010014544934309354,"stage1/best_epoch":126,"val/loss":2.2407824993133545,"stage2/best_epoch":83,"stage3/avg_train_time":10.743458978479559,"stage4/best_epoch":72,"stage2/best_test_acc":0.0010491428026419324,"stage0/best_val_acc":0.566855222799365,"_runtime":12561.425432427,"eval/time":0.7908403873443604,"stage1/best_val_acc":0.5835940751244625,"stage2/avg_train_time":10.60254788042894,"stage5/best_epoch":135,"_wandb":{"runtime":12572},"stage5/best_test_acc":0.001192207730274923,"stage4/best_test_acc":0.0011683635756694246,"test/acc":0.0011683635756694246,"stage4/avg_train_time":11.475718347037711,"stage1/avg_train_time":10.897658193178769,"stage":5,"_step":2157,"stage1/best_test_acc":0.0012160518848804217,"train/acc":0.6638218723543492,"stage2/best_val_acc":0.5904221705020114}